customer_id,country,age_range,signup_date
1,France,56-65,2025-04-24T00:00:00.000Z
2,France,36-45,2025-02-24T00:00:00.000Z
3,Netherlands,46-55,2024-04-12T00:00:00.000Z
4,Italy,36-45,2025-03-11T00:00:00.000Z
5,Spain,26-35,2025-04-26T00:00:00.000Z
6,Spain,46-55,2024-12-14T00:00:00.000Z
7,France,46-55,2024-09-27T00:00:00.000Z
8,Netherlands,46-55,2024-04-16T00:00:00.000Z
9,Spain,46-55,2025-03-07T00:00:00.000Z
10,Germany,16-25,2024-03-12T00:00:00.000Z
11,France,16-25,2024-07-07T00:00:00.000Z
12,Germany,46-55,2025-06-11T00:00:00.000Z
13,Netherlands,56-65,2024-01-21T00:00:00.000Z
14,Germany,46-55,2025-03-08T00:00:00.000Z
15,Netherlands,26-35,2025-04-05T00:00:00.000Z
16,Germany,26-35,2025-04-05T00:00:00.000Z
17,France,26-35,2025-04-17T00:00:00.000Z
18,France,36-45,2025-03-03T00:00:00.000Z
19,Germany,56-65,2025-02-14T00:00:00.000Z
20,France,26-35,2025-04-20T00:00:00.000Z
21,France,56-65,2025-03-31T00:00:00.000Z
22,Germany,36-45,2025-03-03T00:00:00.000Z
23,France,56-65,2025-02-09T00:00:00.000Z
24,Spain,56-65,2024-04-12T00:00:00.000Z
25,Italy,36-45,2025-03-24T00:00:00.000Z
26,Netherlands,46-55,2024-05-01T00:00:00.000Z
27,Italy,16-25,2025-03-11T00:00:00.000Z
28,Spain,16-25,2025-04-02T00:00:00.000Z
29,Spain,56-65,2025-03-27T00:00:00.000Z
30,Germany,26-35,2024-08-02T00:00:00.000Z
31,France,46-55,2024-11-26T00:00:00.000Z
32,Netherlands,16-25,2024-03-28T00:00:00.000Z
33,Italy,56-65,2025-02-26T00:00:00.000Z
34,France,56-65,2025-01-07T00:00:00.000Z
35,France,26-35,2025-04-28T00:00:00.000Z
36,France,26-35,2025-03-12T00:00:00.000Z
37,Netherlands,46-55,2025-03-02T00:00:00.000Z
38,Spain,26-35,2025-06-03T00:00:00.000Z
39,France,36-45,2025-04-05T00:00:00.000Z
40,Spain,56-65,2024-04-09T00:00:00.000Z
41,Germany,36-45,2025-04-06T00:00:00.000Z
42,Spain,46-55,2025-04-19T00:00:00.000Z
43,Germany,56-65,2025-04-07T00:00:00.000Z
44,Germany,26-35,2024-12-25T00:00:00.000Z
45,Italy,46-55,2024-05-31T00:00:00.000Z
46,Germany,56-65,2025-04-26T00:00:00.000Z
47,Germany,26-35,2025-04-07T00:00:00.000Z
48,Germany,56-65,2025-03-22T00:00:00.000Z
49,Netherlands,16-25,2025-04-03T00:00:00.000Z
50,Spain,26-35,2024-05-10T00:00:00.000Z
51,Germany,56-65,2025-02-06T00:00:00.000Z
52,France,16-25,2024-05-29T00:00:00.000Z
53,Italy,46-55,2025-05-12T00:00:00.000Z
54,Italy,26-35,2025-02-13T00:00:00.000Z
55,France,26-35,2024-11-04T00:00:00.000Z
56,Italy,16-25,2024-09-14T00:00:00.000Z
57,France,16-25,2024-12-09T00:00:00.000Z
58,Germany,46-55,2025-04-11T00:00:00.000Z
59,Germany,16-25,2025-03-09T00:00:00.000Z
60,Italy,56-65,2025-02-17T00:00:00.000Z
61,Spain,46-55,2024-10-20T00:00:00.000Z
62,Spain,56-65,2025-03-30T00:00:00.000Z
63,Netherlands,16-25,2025-04-28T00:00:00.000Z
64,Spain,16-25,2025-01-20T00:00:00.000Z
65,Spain,16-25,2025-05-09T00:00:00.000Z
66,Italy,56-65,2024-07-10T00:00:00.000Z
67,France,36-45,2025-03-19T00:00:00.000Z
68,Italy,46-55,2024-10-03T00:00:00.000Z
69,Germany,16-25,2025-05-21T00:00:00.000Z
70,Germany,26-35,2025-03-11T00:00:00.000Z
71,France,46-55,2024-06-09T00:00:00.000Z
72,Spain,36-45,2025-02-20T00:00:00.000Z
73,Italy,26-35,2024-11-09T00:00:00.000Z
74,France,36-45,2025-06-06T00:00:00.000Z
75,Italy,46-55,2025-02-21T00:00:00.000Z
76,Germany,56-65,2025-02-17T00:00:00.000Z
77,Netherlands,36-45,2024-01-22T00:00:00.000Z
78,Netherlands,16-25,2024-09-09T00:00:00.000Z
79,Spain,16-25,2024-08-23T00:00:00.000Z
80,Netherlands,56-65,2024-12-10T00:00:00.000Z
81,Germany,46-55,2025-04-03T00:00:00.000Z
82,France,16-25,2024-02-18T00:00:00.000Z
83,Germany,56-65,2024-02-28T00:00:00.000Z
84,Netherlands,46-55,2024-06-18T00:00:00.000Z
85,Italy,56-65,2024-07-06T00:00:00.000Z
86,Netherlands,46-55,2025-04-09T00:00:00.000Z
87,Italy,46-55,2024-09-27T00:00:00.000Z
88,Germany,36-45,2025-04-10T00:00:00.000Z
89,France,26-35,2024-07-08T00:00:00.000Z
90,Germany,36-45,2025-04-14T00:00:00.000Z
91,Netherlands,16-25,2025-04-02T00:00:00.000Z
92,Italy,46-55,2025-03-14T00:00:00.000Z
93,Italy,26-35,2025-03-21T00:00:00.000Z
94,France,16-25,2025-04-04T00:00:00.000Z
95,Italy,46-55,2024-06-23T00:00:00.000Z
96,Italy,36-45,2025-02-15T00:00:00.000Z
97,Germany,26-35,2025-03-21T00:00:00.000Z
98,France,26-35,2024-02-20T00:00:00.000Z
99,Spain,36-45,2025-03-17T00:00:00.000Z
100,Italy,26-35,2025-01-30T00:00:00.000Z
101,France,16-25,2024-12-29T00:00:00.000Z
102,France,16-25,2024-02-24T00:00:00.000Z
103,France,56-65,2025-02-17T00:00:00.000Z
104,Netherlands,56-65,2025-03-20T00:00:00.000Z
105,Italy,26-35,2024-08-31T00:00:00.000Z
106,Germany,36-45,2025-05-04T00:00:00.000Z
107,Germany,46-55,2025-04-06T00:00:00.000Z
108,France,46-55,2024-11-15T00:00:00.000Z
109,France,26-35,2025-04-17T00:00:00.000Z
110,Spain,36-45,2024-05-10T00:00:00.000Z
111,Spain,46-55,2024-11-02T00:00:00.000Z
112,France,26-35,2025-04-13T00:00:00.000Z
113,Germany,26-35,2025-02-28T00:00:00.000Z
114,Italy,16-25,2024-05-14T00:00:00.000Z
115,Germany,56-65,2025-03-24T00:00:00.000Z
116,Netherlands,56-65,2025-02-27T00:00:00.000Z
117,Germany,56-65,2025-03-27T00:00:00.000Z
118,Italy,16-25,2025-02-15T00:00:00.000Z
119,Germany,46-55,2024-01-21T00:00:00.000Z
120,Germany,46-55,2025-04-26T00:00:00.000Z
121,Italy,16-25,2024-11-24T00:00:00.000Z
122,Germany,36-45,2025-02-08T00:00:00.000Z
123,Italy,26-35,2025-03-19T00:00:00.000Z
124,France,36-45,2025-04-15T00:00:00.000Z
125,Germany,46-55,2025-05-05T00:00:00.000Z
126,Netherlands,26-35,2025-02-01T00:00:00.000Z
127,Netherlands,56-65,2025-05-02T00:00:00.000Z
128,Netherlands,56-65,2025-03-09T00:00:00.000Z
129,France,26-35,2025-03-27T00:00:00.000Z
130,Germany,16-25,2025-02-24T00:00:00.000Z
131,Germany,46-55,2025-03-28T00:00:00.000Z
132,France,46-55,2025-02-26T00:00:00.000Z
133,France,36-45,2025-01-07T00:00:00.000Z
134,Germany,36-45,2024-06-15T00:00:00.000Z
135,France,36-45,2025-01-21T00:00:00.000Z
136,Germany,16-25,2024-09-30T00:00:00.000Z
137,France,16-25,2025-01-22T00:00:00.000Z
138,France,56-65,2024-03-29T00:00:00.000Z
139,Germany,16-25,2025-02-26T00:00:00.000Z
140,France,16-25,2024-11-11T00:00:00.000Z
141,Italy,56-65,2024-01-14T00:00:00.000Z
142,Italy,36-45,2024-08-29T00:00:00.000Z
143,Netherlands,56-65,2025-05-19T00:00:00.000Z
144,Germany,46-55,2025-03-09T00:00:00.000Z
145,Italy,16-25,2024-09-21T00:00:00.000Z
146,Italy,56-65,2024-12-11T00:00:00.000Z
147,Germany,36-45,2025-02-13T00:00:00.000Z
148,Netherlands,26-35,2025-03-03T00:00:00.000Z
149,Netherlands,26-35,2024-02-22T00:00:00.000Z
150,France,46-55,2025-06-06T00:00:00.000Z
151,Spain,56-65,2025-04-02T00:00:00.000Z
152,France,26-35,2025-02-27T00:00:00.000Z
153,France,26-35,2025-05-21T00:00:00.000Z
154,France,36-45,2025-01-16T00:00:00.000Z
155,Germany,26-35,2025-02-19T00:00:00.000Z
156,France,26-35,2025-01-20T00:00:00.000Z
157,Italy,56-65,2025-05-11T00:00:00.000Z
158,Netherlands,26-35,2025-05-21T00:00:00.000Z
159,Spain,26-35,2024-12-05T00:00:00.000Z
160,Germany,56-65,2025-02-12T00:00:00.000Z
161,Spain,36-45,2025-03-26T00:00:00.000Z
162,Germany,36-45,2025-03-05T00:00:00.000Z
163,Italy,16-25,2025-03-18T00:00:00.000Z
164,Spain,56-65,2024-04-01T00:00:00.000Z
165,France,26-35,2025-03-12T00:00:00.000Z
166,France,46-55,2025-01-01T00:00:00.000Z
167,France,46-55,2025-03-07T00:00:00.000Z
168,France,36-45,2025-01-23T00:00:00.000Z
169,Germany,36-45,2025-03-19T00:00:00.000Z
170,France,36-45,2025-04-12T00:00:00.000Z
171,Italy,16-25,2025-01-23T00:00:00.000Z
172,Italy,26-35,2025-01-31T00:00:00.000Z
173,Germany,26-35,2025-02-04T00:00:00.000Z
174,Germany,26-35,2025-05-27T00:00:00.000Z
175,Germany,16-25,2025-03-30T00:00:00.000Z
176,Germany,26-35,2025-04-28T00:00:00.000Z
177,Italy,56-65,2025-03-16T00:00:00.000Z
178,Netherlands,46-55,2025-03-03T00:00:00.000Z
179,Netherlands,46-55,2024-09-20T00:00:00.000Z
180,Germany,56-65,2025-02-13T00:00:00.000Z
181,Italy,36-45,2025-06-12T00:00:00.000Z
182,France,46-55,2025-03-22T00:00:00.000Z
183,Netherlands,46-55,2025-03-06T00:00:00.000Z
184,France,46-55,2025-04-11T00:00:00.000Z
185,France,16-25,2024-02-04T00:00:00.000Z
186,Netherlands,46-55,2025-03-27T00:00:00.000Z
187,France,26-35,2025-04-12T00:00:00.000Z
188,France,46-55,2025-02-22T00:00:00.000Z
189,Germany,46-55,2025-04-19T00:00:00.000Z
190,Italy,26-35,2025-03-23T00:00:00.000Z
191,Germany,16-25,2025-03-20T00:00:00.000Z
192,Spain,46-55,2025-03-03T00:00:00.000Z
193,France,16-25,2024-07-24T00:00:00.000Z
194,Netherlands,16-25,2025-04-22T00:00:00.000Z
195,France,56-65,2025-02-28T00:00:00.000Z
196,Italy,16-25,2025-05-16T00:00:00.000Z
197,France,56-65,2024-03-21T00:00:00.000Z
198,Germany,26-35,2025-03-14T00:00:00.000Z
199,Italy,36-45,2025-02-23T00:00:00.000Z
200,Italy,26-35,2024-02-19T00:00:00.000Z
201,France,36-45,2025-04-14T00:00:00.000Z
202,Netherlands,36-45,2025-05-16T00:00:00.000Z
203,Italy,46-55,2025-04-18T00:00:00.000Z
204,Germany,16-25,2025-05-03T00:00:00.000Z
205,Netherlands,26-35,2024-12-25T00:00:00.000Z
206,Spain,36-45,2025-04-29T00:00:00.000Z
207,Germany,16-25,2025-04-12T00:00:00.000Z
208,France,36-45,2025-02-02T00:00:00.000Z
209,Netherlands,46-55,2025-01-22T00:00:00.000Z
210,Spain,26-35,2024-01-02T00:00:00.000Z
211,France,16-25,2025-01-24T00:00:00.000Z
212,Spain,46-55,2024-02-23T00:00:00.000Z
213,France,26-35,2024-04-15T00:00:00.000Z
214,Spain,16-25,2024-09-16T00:00:00.000Z
215,Netherlands,56-65,2025-02-03T00:00:00.000Z
216,Netherlands,16-25,2024-11-05T00:00:00.000Z
217,Italy,56-65,2025-04-10T00:00:00.000Z
218,Germany,16-25,2025-03-19T00:00:00.000Z
219,Netherlands,46-55,2024-07-09T00:00:00.000Z
220,Germany,26-35,2025-01-30T00:00:00.000Z
221,Germany,36-45,2025-02-05T00:00:00.000Z
222,Netherlands,16-25,2024-08-05T00:00:00.000Z
223,Germany,16-25,2025-03-27T00:00:00.000Z
224,France,36-45,2024-02-13T00:00:00.000Z
225,France,26-35,2025-03-12T00:00:00.000Z
226,Netherlands,16-25,2025-02-16T00:00:00.000Z
227,France,46-55,2025-04-23T00:00:00.000Z
228,Germany,36-45,2024-06-10T00:00:00.000Z
229,France,46-55,2024-07-20T00:00:00.000Z
230,France,56-65,2025-02-26T00:00:00.000Z
231,France,16-25,2025-02-21T00:00:00.000Z
232,Spain,56-65,2025-03-21T00:00:00.000Z
233,France,26-35,2025-03-27T00:00:00.000Z
234,Italy,26-35,2025-02-11T00:00:00.000Z
235,Italy,56-65,2025-04-08T00:00:00.000Z
236,Netherlands,46-55,2024-09-26T00:00:00.000Z
237,Germany,46-55,2025-02-14T00:00:00.000Z
238,France,16-25,2024-12-16T00:00:00.000Z
239,Netherlands,46-55,2024-10-30T00:00:00.000Z
240,Netherlands,26-35,2024-09-27T00:00:00.000Z
241,Spain,46-55,2025-03-27T00:00:00.000Z
242,Netherlands,46-55,2025-04-11T00:00:00.000Z
243,Germany,16-25,2025-01-27T00:00:00.000Z
244,Netherlands,36-45,2025-03-13T00:00:00.000Z
245,France,26-35,2024-08-02T00:00:00.000Z
246,Spain,26-35,2025-05-02T00:00:00.000Z
247,Netherlands,46-55,2025-02-14T00:00:00.000Z
248,Germany,46-55,2024-09-08T00:00:00.000Z
249,Netherlands,46-55,2024-07-08T00:00:00.000Z
250,Netherlands,36-45,2024-10-22T00:00:00.000Z
251,Italy,16-25,2024-07-31T00:00:00.000Z
252,Italy,16-25,2025-03-02T00:00:00.000Z
253,France,26-35,2025-04-01T00:00:00.000Z
254,Italy,36-45,2025-04-21T00:00:00.000Z
255,Spain,26-35,2024-07-26T00:00:00.000Z
256,Italy,16-25,2025-05-13T00:00:00.000Z
257,Germany,26-35,2024-08-24T00:00:00.000Z
258,Netherlands,46-55,2025-05-26T00:00:00.000Z
259,Germany,36-45,2025-03-25T00:00:00.000Z
260,Netherlands,36-45,2024-12-03T00:00:00.000Z
261,France,56-65,2025-01-01T00:00:00.000Z
262,Netherlands,26-35,2024-02-22T00:00:00.000Z
263,France,16-25,2025-04-11T00:00:00.000Z
264,Netherlands,56-65,2025-03-23T00:00:00.000Z
265,Italy,46-55,2025-03-29T00:00:00.000Z
266,Italy,46-55,2024-10-06T00:00:00.000Z
267,Spain,46-55,2025-02-13T00:00:00.000Z
268,Germany,46-55,2025-02-19T00:00:00.000Z
269,Spain,36-45,2025-02-27T00:00:00.000Z
270,Germany,26-35,2025-02-27T00:00:00.000Z
271,Germany,16-25,2025-03-13T00:00:00.000Z
272,Netherlands,56-65,2025-05-25T00:00:00.000Z
273,France,16-25,2025-03-01T00:00:00.000Z
274,Germany,16-25,2025-04-02T00:00:00.000Z
275,Germany,26-35,2024-08-04T00:00:00.000Z
276,France,36-45,2024-09-08T00:00:00.000Z
277,Italy,16-25,2025-02-26T00:00:00.000Z
278,Spain,56-65,2024-07-06T00:00:00.000Z
279,France,36-45,2025-04-09T00:00:00.000Z
280,Germany,26-35,2025-02-15T00:00:00.000Z
281,Germany,46-55,2025-01-14T00:00:00.000Z
282,Italy,16-25,2024-02-10T00:00:00.000Z
283,France,56-65,2025-04-13T00:00:00.000Z
284,Italy,16-25,2025-03-27T00:00:00.000Z
285,France,16-25,2025-02-10T00:00:00.000Z
286,Italy,26-35,2024-06-05T00:00:00.000Z
287,France,26-35,2024-01-15T00:00:00.000Z
288,Italy,36-45,2025-02-05T00:00:00.000Z
289,Netherlands,46-55,2025-04-30T00:00:00.000Z
290,Italy,16-25,2024-10-27T00:00:00.000Z
291,Germany,16-25,2024-03-05T00:00:00.000Z
292,Germany,16-25,2024-12-10T00:00:00.000Z
293,Italy,56-65,2024-11-22T00:00:00.000Z
294,Italy,16-25,2025-05-18T00:00:00.000Z
295,France,16-25,2024-01-09T00:00:00.000Z
296,France,16-25,2025-06-02T00:00:00.000Z
297,France,56-65,2024-12-09T00:00:00.000Z
298,Germany,16-25,2025-05-03T00:00:00.000Z
299,Italy,26-35,2024-05-08T00:00:00.000Z
300,France,56-65,2024-05-15T00:00:00.000Z
301,France,26-35,2025-03-24T00:00:00.000Z
302,Germany,56-65,2025-03-13T00:00:00.000Z
303,Germany,46-55,2024-03-03T00:00:00.000Z
304,France,36-45,2025-03-13T00:00:00.000Z
305,Germany,46-55,2025-02-09T00:00:00.000Z
306,Germany,26-35,2024-05-18T00:00:00.000Z
307,Italy,56-65,2024-03-21T00:00:00.000Z
308,Netherlands,36-45,2025-01-26T00:00:00.000Z
309,Spain,46-55,2025-04-18T00:00:00.000Z
310,Spain,56-65,2024-06-11T00:00:00.000Z
311,Italy,26-35,2025-02-22T00:00:00.000Z
312,Germany,46-55,2024-10-15T00:00:00.000Z
313,France,16-25,2025-01-13T00:00:00.000Z
314,Germany,26-35,2025-03-19T00:00:00.000Z
315,Netherlands,46-55,2024-09-17T00:00:00.000Z
316,France,36-45,2025-02-15T00:00:00.000Z
317,Italy,46-55,2024-08-18T00:00:00.000Z
318,France,46-55,2025-02-20T00:00:00.000Z
319,Germany,46-55,2024-02-10T00:00:00.000Z
320,Italy,46-55,2024-01-28T00:00:00.000Z
321,Germany,36-45,2025-04-27T00:00:00.000Z
322,Netherlands,26-35,2024-05-14T00:00:00.000Z
323,Netherlands,26-35,2025-04-03T00:00:00.000Z
324,Italy,46-55,2024-07-19T00:00:00.000Z
325,Germany,36-45,2025-03-26T00:00:00.000Z
326,Italy,26-35,2025-06-09T00:00:00.000Z
327,France,26-35,2025-01-31T00:00:00.000Z
328,Germany,46-55,2024-11-23T00:00:00.000Z
329,Netherlands,26-35,2024-09-24T00:00:00.000Z
330,Germany,16-25,2025-02-21T00:00:00.000Z
331,Spain,56-65,2025-04-02T00:00:00.000Z
332,Netherlands,46-55,2024-02-02T00:00:00.000Z
333,Netherlands,16-25,2024-02-17T00:00:00.000Z
334,France,16-25,2025-02-10T00:00:00.000Z
335,Germany,16-25,2024-03-02T00:00:00.000Z
336,Italy,46-55,2025-02-16T00:00:00.000Z
337,Spain,46-55,2024-08-03T00:00:00.000Z
338,Spain,26-35,2025-04-04T00:00:00.000Z
339,France,16-25,2025-04-16T00:00:00.000Z
340,Italy,46-55,2025-03-18T00:00:00.000Z
341,France,16-25,2025-04-20T00:00:00.000Z
342,Netherlands,36-45,2025-04-24T00:00:00.000Z
343,France,26-35,2024-10-19T00:00:00.000Z
344,Netherlands,16-25,2025-04-03T00:00:00.000Z
345,Netherlands,36-45,2024-04-08T00:00:00.000Z
346,Italy,56-65,2025-01-26T00:00:00.000Z
347,Netherlands,36-45,2024-06-20T00:00:00.000Z
348,Germany,36-45,2025-02-19T00:00:00.000Z
349,Germany,26-35,2025-03-20T00:00:00.000Z
350,France,36-45,2025-02-27T00:00:00.000Z
351,France,36-45,2024-12-25T00:00:00.000Z
352,Netherlands,46-55,2024-08-01T00:00:00.000Z
353,Germany,36-45,2024-02-04T00:00:00.000Z
354,Germany,36-45,2025-02-05T00:00:00.000Z
355,Spain,36-45,2025-03-24T00:00:00.000Z
356,Germany,46-55,2024-08-14T00:00:00.000Z
357,Italy,36-45,2025-02-20T00:00:00.000Z
358,Germany,36-45,2024-04-10T00:00:00.000Z
359,France,16-25,2025-03-31T00:00:00.000Z
360,France,16-25,2025-03-06T00:00:00.000Z
361,Netherlands,26-35,2025-03-29T00:00:00.000Z
362,Spain,56-65,2024-05-10T00:00:00.000Z
363,Netherlands,56-65,2024-09-13T00:00:00.000Z
364,Spain,46-55,2024-01-05T00:00:00.000Z
365,France,56-65,2025-03-24T00:00:00.000Z
366,France,26-35,2024-08-05T00:00:00.000Z
367,Netherlands,46-55,2025-03-19T00:00:00.000Z
368,France,26-35,2024-09-11T00:00:00.000Z
369,Netherlands,36-45,2025-04-01T00:00:00.000Z
370,Netherlands,26-35,2025-01-23T00:00:00.000Z
371,Netherlands,36-45,2025-02-01T00:00:00.000Z
372,Italy,36-45,2024-12-24T00:00:00.000Z
373,Spain,56-65,2025-02-25T00:00:00.000Z
374,Italy,16-25,2025-03-03T00:00:00.000Z
375,Germany,36-45,2025-02-28T00:00:00.000Z
376,Germany,36-45,2025-04-16T00:00:00.000Z
377,Spain,16-25,2025-02-03T00:00:00.000Z
378,France,56-65,2024-10-09T00:00:00.000Z
379,Germany,46-55,2025-04-03T00:00:00.000Z
380,Italy,46-55,2025-03-15T00:00:00.000Z
381,Germany,26-35,2025-01-27T00:00:00.000Z
382,Netherlands,56-65,2024-07-25T00:00:00.000Z
383,France,46-55,2024-01-15T00:00:00.000Z
384,Germany,16-25,2025-04-22T00:00:00.000Z
385,Germany,46-55,2025-04-11T00:00:00.000Z
386,France,36-45,2025-03-28T00:00:00.000Z
387,France,46-55,2025-02-04T00:00:00.000Z
388,France,26-35,2025-04-09T00:00:00.000Z
389,Italy,16-25,2024-12-11T00:00:00.000Z
390,Germany,46-55,2025-03-26T00:00:00.000Z
391,Spain,36-45,2024-02-11T00:00:00.000Z
392,Netherlands,36-45,2025-02-20T00:00:00.000Z
393,France,46-55,2025-04-09T00:00:00.000Z
394,Spain,56-65,2025-03-03T00:00:00.000Z
395,Spain,26-35,2025-01-14T00:00:00.000Z
396,Netherlands,36-45,2025-04-07T00:00:00.000Z
397,France,36-45,2025-02-08T00:00:00.000Z
398,Spain,16-25,2025-01-26T00:00:00.000Z
399,Italy,56-65,2024-06-27T00:00:00.000Z
400,Netherlands,16-25,2025-02-16T00:00:00.000Z
401,France,26-35,2025-04-19T00:00:00.000Z
402,Italy,16-25,2025-04-29T00:00:00.000Z
403,Germany,26-35,2025-03-24T00:00:00.000Z
404,Germany,56-65,2025-03-26T00:00:00.000Z
405,Germany,26-35,2024-03-03T00:00:00.000Z
406,Spain,36-45,2024-12-17T00:00:00.000Z
407,Italy,16-25,2025-02-22T00:00:00.000Z
408,Germany,46-55,2025-03-29T00:00:00.000Z
409,Netherlands,46-55,2024-08-18T00:00:00.000Z
410,Spain,16-25,2024-08-28T00:00:00.000Z
411,Germany,56-65,2025-04-13T00:00:00.000Z
412,France,46-55,2024-02-21T00:00:00.000Z
413,France,16-25,2025-04-29T00:00:00.000Z
414,Germany,46-55,2025-03-29T00:00:00.000Z
415,France,36-45,2025-03-08T00:00:00.000Z
416,France,46-55,2025-04-01T00:00:00.000Z
417,Spain,36-45,2025-03-03T00:00:00.000Z
418,France,36-45,2025-02-15T00:00:00.000Z
419,Spain,36-45,2025-03-28T00:00:00.000Z
420,Germany,36-45,2025-03-07T00:00:00.000Z
421,Germany,16-25,2024-04-05T00:00:00.000Z
422,Netherlands,46-55,2025-02-25T00:00:00.000Z
423,Italy,16-25,2025-01-22T00:00:00.000Z
424,Italy,36-45,2024-08-09T00:00:00.000Z
425,Italy,46-55,2025-02-10T00:00:00.000Z
426,Spain,56-65,2024-08-18T00:00:00.000Z
427,Spain,26-35,2025-03-26T00:00:00.000Z
428,Spain,56-65,2025-04-18T00:00:00.000Z
429,France,36-45,2024-08-24T00:00:00.000Z
430,France,46-55,2024-05-22T00:00:00.000Z
431,France,46-55,2024-06-19T00:00:00.000Z
432,Germany,36-45,2025-01-22T00:00:00.000Z
433,France,16-25,2024-01-29T00:00:00.000Z
434,France,16-25,2024-02-05T00:00:00.000Z
435,Netherlands,36-45,2025-02-17T00:00:00.000Z
436,Germany,26-35,2025-03-10T00:00:00.000Z
437,Italy,36-45,2024-01-13T00:00:00.000Z
438,Germany,16-25,2025-05-21T00:00:00.000Z
439,Germany,36-45,2025-05-11T00:00:00.000Z
440,Italy,16-25,2024-06-08T00:00:00.000Z
441,Germany,36-45,2024-11-22T00:00:00.000Z
442,Germany,16-25,2025-04-22T00:00:00.000Z
443,Spain,16-25,2024-07-05T00:00:00.000Z
444,Germany,26-35,2025-01-28T00:00:00.000Z
445,Italy,46-55,2025-03-25T00:00:00.000Z
446,Spain,46-55,2024-08-30T00:00:00.000Z
447,France,26-35,2025-03-19T00:00:00.000Z
448,France,26-35,2024-03-26T00:00:00.000Z
449,Italy,46-55,2024-10-10T00:00:00.000Z
450,Spain,46-55,2024-03-06T00:00:00.000Z
451,France,36-45,2025-05-09T00:00:00.000Z
452,France,56-65,2024-06-18T00:00:00.000Z
453,France,16-25,2025-02-08T00:00:00.000Z
454,Italy,16-25,2024-02-14T00:00:00.000Z
455,Netherlands,36-45,2025-04-07T00:00:00.000Z
456,Italy,26-35,2025-01-31T00:00:00.000Z
457,Germany,16-25,2025-04-23T00:00:00.000Z
458,Italy,56-65,2024-03-02T00:00:00.000Z
459,France,46-55,2025-04-18T00:00:00.000Z
460,Netherlands,56-65,2025-02-24T00:00:00.000Z
461,Germany,26-35,2025-03-27T00:00:00.000Z
462,Italy,36-45,2025-03-08T00:00:00.000Z
463,Spain,16-25,2025-03-16T00:00:00.000Z
464,Germany,36-45,2025-04-14T00:00:00.000Z
465,Germany,26-35,2024-05-13T00:00:00.000Z
466,Germany,16-25,2024-10-10T00:00:00.000Z
467,Spain,26-35,2025-06-09T00:00:00.000Z
468,Germany,36-45,2024-01-28T00:00:00.000Z
469,Italy,26-35,2025-04-02T00:00:00.000Z
470,Italy,56-65,2025-04-05T00:00:00.000Z
471,Netherlands,56-65,2025-03-11T00:00:00.000Z
472,France,36-45,2025-03-16T00:00:00.000Z
473,France,16-25,2025-02-08T00:00:00.000Z
474,France,36-45,2025-03-28T00:00:00.000Z
475,Italy,26-35,2025-03-15T00:00:00.000Z
476,Germany,56-65,2025-03-03T00:00:00.000Z
477,Spain,16-25,2025-02-23T00:00:00.000Z
478,Germany,56-65,2024-04-17T00:00:00.000Z
479,Netherlands,56-65,2024-02-13T00:00:00.000Z
480,Spain,16-25,2024-12-05T00:00:00.000Z
481,France,56-65,2025-05-09T00:00:00.000Z
482,Italy,56-65,2024-10-12T00:00:00.000Z
483,Netherlands,16-25,2025-03-21T00:00:00.000Z
484,France,56-65,2025-04-26T00:00:00.000Z
485,Netherlands,36-45,2025-02-11T00:00:00.000Z
486,Netherlands,56-65,2024-11-26T00:00:00.000Z
487,Germany,16-25,2024-05-07T00:00:00.000Z
488,Germany,46-55,2025-04-06T00:00:00.000Z
489,Germany,56-65,2025-05-17T00:00:00.000Z
490,Germany,56-65,2025-01-22T00:00:00.000Z
491,France,36-45,2024-12-13T00:00:00.000Z
492,Germany,26-35,2025-02-27T00:00:00.000Z
493,Germany,56-65,2025-02-17T00:00:00.000Z
494,Italy,36-45,2024-08-18T00:00:00.000Z
495,Germany,36-45,2024-07-08T00:00:00.000Z
496,Italy,16-25,2025-03-31T00:00:00.000Z
497,Germany,36-45,2025-02-10T00:00:00.000Z
498,France,46-55,2024-08-12T00:00:00.000Z
499,France,36-45,2025-05-06T00:00:00.000Z
500,Germany,56-65,2025-04-20T00:00:00.000Z
501,Italy,36-45,2025-03-19T00:00:00.000Z
502,France,16-25,2025-01-19T00:00:00.000Z
503,Italy,16-25,2025-04-08T00:00:00.000Z
504,Netherlands,16-25,2025-04-21T00:00:00.000Z
505,Germany,26-35,2025-03-28T00:00:00.000Z
506,France,26-35,2025-05-22T00:00:00.000Z
507,France,56-65,2025-01-11T00:00:00.000Z
508,Italy,16-25,2025-03-18T00:00:00.000Z
509,Netherlands,36-45,2025-01-29T00:00:00.000Z
510,France,16-25,2025-03-18T00:00:00.000Z
511,France,16-25,2025-04-18T00:00:00.000Z
512,Germany,56-65,2025-02-01T00:00:00.000Z
513,France,46-55,2025-06-12T00:00:00.000Z
514,France,56-65,2024-10-09T00:00:00.000Z
515,Germany,56-65,2025-03-21T00:00:00.000Z
516,Germany,36-45,2025-03-27T00:00:00.000Z
517,Netherlands,26-35,2025-02-03T00:00:00.000Z
518,Germany,46-55,2025-03-29T00:00:00.000Z
519,Italy,16-25,2025-02-10T00:00:00.000Z
520,Netherlands,16-25,2024-04-30T00:00:00.000Z
521,France,46-55,2025-03-18T00:00:00.000Z
522,Spain,16-25,2025-02-12T00:00:00.000Z
523,France,26-35,2024-04-25T00:00:00.000Z
524,France,16-25,2024-08-20T00:00:00.000Z
525,Italy,16-25,2025-04-23T00:00:00.000Z
526,France,26-35,2024-09-15T00:00:00.000Z
527,France,46-55,2024-12-24T00:00:00.000Z
528,Spain,36-45,2024-07-16T00:00:00.000Z
529,Netherlands,56-65,2025-02-14T00:00:00.000Z
530,Spain,26-35,2024-05-16T00:00:00.000Z
531,Spain,26-35,2025-04-01T00:00:00.000Z
532,France,26-35,2024-11-13T00:00:00.000Z
533,Spain,46-55,2024-06-13T00:00:00.000Z
534,Italy,56-65,2024-08-12T00:00:00.000Z
535,Germany,56-65,2024-11-02T00:00:00.000Z
536,France,56-65,2024-08-21T00:00:00.000Z
537,Netherlands,36-45,2024-06-20T00:00:00.000Z
538,Netherlands,46-55,2025-04-01T00:00:00.000Z
539,Germany,26-35,2024-05-31T00:00:00.000Z
540,Germany,56-65,2024-11-10T00:00:00.000Z
541,France,56-65,2025-04-17T00:00:00.000Z
542,France,46-55,2025-01-08T00:00:00.000Z
543,Germany,36-45,2024-06-08T00:00:00.000Z
544,Germany,26-35,2024-04-05T00:00:00.000Z
545,Germany,16-25,2025-04-22T00:00:00.000Z
546,France,36-45,2024-08-20T00:00:00.000Z
547,France,36-45,2025-05-22T00:00:00.000Z
548,Germany,36-45,2025-03-09T00:00:00.000Z
549,Spain,46-55,2024-06-28T00:00:00.000Z
550,Germany,56-65,2024-04-22T00:00:00.000Z
551,France,16-25,2025-03-11T00:00:00.000Z
552,France,46-55,2024-11-13T00:00:00.000Z
553,France,36-45,2025-03-17T00:00:00.000Z
554,France,56-65,2025-02-22T00:00:00.000Z
555,Spain,26-35,2024-02-21T00:00:00.000Z
556,Italy,16-25,2025-03-27T00:00:00.000Z
557,Spain,56-65,2025-01-22T00:00:00.000Z
558,Italy,46-55,2024-09-24T00:00:00.000Z
559,Italy,26-35,2024-10-21T00:00:00.000Z
560,Germany,26-35,2025-04-10T00:00:00.000Z
561,France,26-35,2025-03-24T00:00:00.000Z
562,Germany,16-25,2025-04-30T00:00:00.000Z
563,Netherlands,46-55,2025-04-06T00:00:00.000Z
564,Italy,26-35,2025-02-23T00:00:00.000Z
565,Spain,46-55,2025-05-08T00:00:00.000Z
566,Italy,36-45,2025-02-11T00:00:00.000Z
567,Netherlands,26-35,2025-04-19T00:00:00.000Z
568,Netherlands,26-35,2025-01-20T00:00:00.000Z
569,France,36-45,2025-03-18T00:00:00.000Z
570,Spain,16-25,2025-04-13T00:00:00.000Z
571,Netherlands,56-65,2025-01-21T00:00:00.000Z
572,Netherlands,56-65,2025-02-06T00:00:00.000Z
573,Italy,36-45,2024-04-22T00:00:00.000Z
574,Italy,16-25,2025-04-25T00:00:00.000Z
575,Netherlands,26-35,2025-04-15T00:00:00.000Z
576,Germany,46-55,2024-04-10T00:00:00.000Z
577,Netherlands,26-35,2025-04-29T00:00:00.000Z
578,Germany,16-25,2025-04-03T00:00:00.000Z
579,France,46-55,2024-04-22T00:00:00.000Z
580,Italy,46-55,2025-05-06T00:00:00.000Z
581,Germany,56-65,2025-05-27T00:00:00.000Z
582,France,36-45,2025-03-15T00:00:00.000Z
583,Netherlands,36-45,2024-03-21T00:00:00.000Z
584,Italy,26-35,2024-07-05T00:00:00.000Z
585,Portugal,16-25,2024-04-22T00:00:00.000Z
586,Portugal,56-65,2024-01-02T00:00:00.000Z
587,Germany,36-45,2025-05-09T00:00:00.000Z
588,Portugal,56-65,2025-04-12T00:00:00.000Z
589,Italy,16-25,2024-05-09T00:00:00.000Z
590,Germany,26-35,2024-08-07T00:00:00.000Z
591,Germany,36-45,2024-02-23T00:00:00.000Z
592,France,16-25,2024-12-08T00:00:00.000Z
593,France,26-35,2025-03-11T00:00:00.000Z
594,Spain,56-65,2024-08-11T00:00:00.000Z
595,Italy,26-35,2024-08-12T00:00:00.000Z
596,Italy,26-35,2025-05-15T00:00:00.000Z
597,Netherlands,36-45,2025-01-19T00:00:00.000Z
598,Portugal,16-25,2025-02-06T00:00:00.000Z
599,Italy,36-45,2024-05-05T00:00:00.000Z
600,Italy,36-45,2024-05-09T00:00:00.000Z
601,Germany,56-65,2025-04-13T00:00:00.000Z
602,Portugal,16-25,2025-05-09T00:00:00.000Z
603,Germany,16-25,2024-02-22T00:00:00.000Z
604,Italy,46-55,2025-04-17T00:00:00.000Z
605,Spain,26-35,2025-03-24T00:00:00.000Z
606,Germany,36-45,2024-06-20T00:00:00.000Z
607,France,36-45,2025-02-17T00:00:00.000Z
608,France,26-35,2025-02-12T00:00:00.000Z
609,Italy,56-65,2025-02-13T00:00:00.000Z
610,France,16-25,2025-04-12T00:00:00.000Z
611,Spain,36-45,2025-04-18T00:00:00.000Z
612,Italy,36-45,2025-02-06T00:00:00.000Z
613,Netherlands,16-25,2025-05-12T00:00:00.000Z
614,Netherlands,26-35,2024-08-05T00:00:00.000Z
615,Portugal,46-55,2025-04-06T00:00:00.000Z
616,Germany,46-55,2024-06-08T00:00:00.000Z
617,Netherlands,26-35,2025-03-30T00:00:00.000Z
618,Netherlands,16-25,2024-07-16T00:00:00.000Z
619,Italy,26-35,2025-02-19T00:00:00.000Z
620,Netherlands,56-65,2025-04-20T00:00:00.000Z
621,Italy,36-45,2024-09-03T00:00:00.000Z
622,Netherlands,26-35,2024-11-19T00:00:00.000Z
623,Netherlands,16-25,2025-03-14T00:00:00.000Z
624,Spain,36-45,2025-03-11T00:00:00.000Z
625,Portugal,46-55,2025-01-28T00:00:00.000Z
626,Italy,36-45,2025-02-19T00:00:00.000Z
627,Netherlands,36-45,2024-07-21T00:00:00.000Z
628,France,46-55,2025-02-21T00:00:00.000Z
629,Italy,26-35,2024-07-02T00:00:00.000Z
630,Portugal,16-25,2024-05-02T00:00:00.000Z
631,Portugal,36-45,2025-02-04T00:00:00.000Z
632,Portugal,46-55,2024-09-11T00:00:00.000Z
633,Spain,56-65,2025-03-11T00:00:00.000Z
634,Portugal,46-55,2025-03-03T00:00:00.000Z
635,Portugal,36-45,2024-10-20T00:00:00.000Z
636,Spain,56-65,2025-03-18T00:00:00.000Z
637,Portugal,56-65,2024-10-06T00:00:00.000Z
638,France,46-55,2025-04-11T00:00:00.000Z
639,Italy,56-65,2025-03-26T00:00:00.000Z
640,France,26-35,2025-01-20T00:00:00.000Z
641,Spain,36-45,2025-03-21T00:00:00.000Z
642,Portugal,46-55,2025-05-14T00:00:00.000Z
643,Portugal,16-25,2025-02-26T00:00:00.000Z
644,Portugal,36-45,2024-11-20T00:00:00.000Z
645,Portugal,26-35,2025-01-06T00:00:00.000Z
646,Spain,56-65,2025-02-17T00:00:00.000Z
647,France,16-25,2025-05-23T00:00:00.000Z
648,Germany,36-45,2025-02-18T00:00:00.000Z
649,Italy,56-65,2025-02-23T00:00:00.000Z
650,Italy,36-45,2024-04-07T00:00:00.000Z
651,France,16-25,2024-07-16T00:00:00.000Z
652,Germany,56-65,2025-03-15T00:00:00.000Z
653,Portugal,36-45,2025-05-12T00:00:00.000Z
654,Italy,56-65,2025-05-05T00:00:00.000Z
655,Italy,56-65,2025-03-20T00:00:00.000Z
656,Germany,56-65,2025-03-24T00:00:00.000Z
657,Italy,26-35,2025-03-16T00:00:00.000Z
658,Italy,36-45,2025-03-08T00:00:00.000Z
659,Portugal,46-55,2025-03-19T00:00:00.000Z
660,Italy,56-65,2025-04-23T00:00:00.000Z
661,Spain,16-25,2025-01-29T00:00:00.000Z
662,Italy,36-45,2025-03-05T00:00:00.000Z
663,Netherlands,26-35,2025-03-08T00:00:00.000Z
664,France,56-65,2025-04-18T00:00:00.000Z
665,Portugal,26-35,2025-04-06T00:00:00.000Z
666,Germany,16-25,2024-08-27T00:00:00.000Z
667,Netherlands,36-45,2024-05-23T00:00:00.000Z
668,Spain,26-35,2024-04-06T00:00:00.000Z
669,Netherlands,36-45,2024-07-19T00:00:00.000Z
670,Italy,36-45,2025-04-21T00:00:00.000Z
671,Netherlands,26-35,2024-05-03T00:00:00.000Z
672,Germany,56-65,2025-01-23T00:00:00.000Z
673,Germany,36-45,2025-04-16T00:00:00.000Z
674,Netherlands,26-35,2024-07-05T00:00:00.000Z
675,Italy,36-45,2025-01-19T00:00:00.000Z
676,Portugal,26-35,2025-04-26T00:00:00.000Z
677,Portugal,36-45,2025-03-12T00:00:00.000Z
678,Italy,46-55,2024-11-21T00:00:00.000Z
679,Portugal,26-35,2024-12-14T00:00:00.000Z
680,Spain,56-65,2024-09-15T00:00:00.000Z
681,Germany,16-25,2025-02-07T00:00:00.000Z
682,Portugal,16-25,2025-03-10T00:00:00.000Z
683,France,36-45,2024-05-27T00:00:00.000Z
684,Netherlands,56-65,2025-04-06T00:00:00.000Z
685,Spain,36-45,2025-04-14T00:00:00.000Z
686,Netherlands,16-25,2025-04-11T00:00:00.000Z
687,France,26-35,2025-05-09T00:00:00.000Z
688,Italy,46-55,2025-04-02T00:00:00.000Z
689,Spain,56-65,2025-03-19T00:00:00.000Z
690,Spain,46-55,2025-04-30T00:00:00.000Z
691,Italy,46-55,2025-04-04T00:00:00.000Z
692,France,56-65,2025-05-05T00:00:00.000Z
693,Netherlands,26-35,2025-03-13T00:00:00.000Z
694,Netherlands,46-55,2024-09-08T00:00:00.000Z
695,Spain,56-65,2025-02-17T00:00:00.000Z
696,France,46-55,2025-03-18T00:00:00.000Z
697,Germany,56-65,2025-03-31T00:00:00.000Z
698,Portugal,36-45,2025-04-05T00:00:00.000Z
699,Netherlands,56-65,2025-02-25T00:00:00.000Z
700,Portugal,16-25,2025-03-08T00:00:00.000Z
701,Spain,26-35,2025-02-06T00:00:00.000Z
702,Portugal,46-55,2025-06-08T00:00:00.000Z
703,Germany,16-25,2025-03-30T00:00:00.000Z
704,Germany,16-25,2025-04-10T00:00:00.000Z
705,Spain,26-35,2025-02-23T00:00:00.000Z
706,France,36-45,2025-04-26T00:00:00.000Z
707,France,46-55,2025-02-06T00:00:00.000Z
708,Netherlands,36-45,2024-12-11T00:00:00.000Z
709,Germany,36-45,2025-03-26T00:00:00.000Z
710,France,36-45,2025-02-05T00:00:00.000Z
711,France,16-25,2025-05-04T00:00:00.000Z
712,Germany,36-45,2024-05-26T00:00:00.000Z
713,France,36-45,2024-05-27T00:00:00.000Z
714,Portugal,46-55,2025-03-22T00:00:00.000Z
715,Germany,26-35,2024-12-17T00:00:00.000Z
716,France,26-35,2024-07-17T00:00:00.000Z
717,Spain,46-55,2024-11-03T00:00:00.000Z
718,Italy,16-25,2025-04-01T00:00:00.000Z
719,Italy,26-35,2025-02-20T00:00:00.000Z
720,Spain,46-55,2025-03-21T00:00:00.000Z
721,Netherlands,16-25,2025-02-27T00:00:00.000Z
722,Italy,26-35,2024-05-07T00:00:00.000Z
723,Italy,56-65,2024-02-08T00:00:00.000Z
724,France,56-65,2024-12-03T00:00:00.000Z
725,Spain,36-45,2025-04-14T00:00:00.000Z
726,Germany,56-65,2025-04-03T00:00:00.000Z
727,Portugal,26-35,2025-03-09T00:00:00.000Z
728,Netherlands,56-65,2025-04-02T00:00:00.000Z
729,Portugal,36-45,2025-04-24T00:00:00.000Z
730,Spain,16-25,2025-02-16T00:00:00.000Z
731,Portugal,36-45,2024-12-25T00:00:00.000Z
732,Germany,16-25,2024-05-08T00:00:00.000Z
733,Germany,26-35,2025-04-02T00:00:00.000Z
734,Netherlands,46-55,2025-03-28T00:00:00.000Z
735,France,26-35,2025-04-02T00:00:00.000Z
736,Germany,26-35,2025-02-19T00:00:00.000Z
737,Italy,46-55,2024-09-23T00:00:00.000Z
738,Netherlands,26-35,2025-03-16T00:00:00.000Z
739,Portugal,26-35,2025-02-09T00:00:00.000Z
740,Spain,16-25,2025-03-09T00:00:00.000Z
741,Portugal,16-25,2025-03-23T00:00:00.000Z
742,Portugal,56-65,2024-05-30T00:00:00.000Z
743,Netherlands,16-25,2025-05-04T00:00:00.000Z
744,Italy,36-45,2025-02-18T00:00:00.000Z
745,Italy,46-55,2025-04-10T00:00:00.000Z
746,Italy,36-45,2024-10-24T00:00:00.000Z
747,Spain,36-45,2024-04-08T00:00:00.000Z
748,Netherlands,46-55,2025-03-09T00:00:00.000Z
749,Spain,56-65,2025-03-28T00:00:00.000Z
750,Spain,46-55,2025-04-10T00:00:00.000Z
751,France,56-65,2025-04-17T00:00:00.000Z
752,Italy,56-65,2025-04-08T00:00:00.000Z
753,Netherlands,36-45,2024-09-19T00:00:00.000Z
754,Spain,26-35,2025-01-20T00:00:00.000Z
755,France,26-35,2024-09-08T00:00:00.000Z
756,France,56-65,2024-05-23T00:00:00.000Z
757,Italy,36-45,2024-12-11T00:00:00.000Z
758,Portugal,36-45,2025-03-15T00:00:00.000Z
759,France,36-45,2025-02-09T00:00:00.000Z
760,Portugal,56-65,2024-04-21T00:00:00.000Z
761,Netherlands,36-45,2025-04-15T00:00:00.000Z
762,Spain,36-45,2025-03-25T00:00:00.000Z
763,Spain,26-35,2024-02-29T00:00:00.000Z
764,France,26-35,2025-05-12T00:00:00.000Z
765,Spain,56-65,2025-01-03T00:00:00.000Z
766,Spain,56-65,2024-01-02T00:00:00.000Z
767,Netherlands,36-45,2025-05-01T00:00:00.000Z
768,France,36-45,2025-01-19T00:00:00.000Z
769,Italy,46-55,2025-04-19T00:00:00.000Z
770,Portugal,36-45,2025-03-28T00:00:00.000Z
771,Portugal,16-25,2025-02-21T00:00:00.000Z
772,Spain,16-25,2025-01-29T00:00:00.000Z
773,Spain,46-55,2025-04-06T00:00:00.000Z
774,Portugal,46-55,2025-05-21T00:00:00.000Z
775,Portugal,16-25,2024-10-30T00:00:00.000Z
776,Portugal,56-65,2025-03-18T00:00:00.000Z
777,Spain,36-45,2025-05-02T00:00:00.000Z
778,Italy,56-65,2024-09-10T00:00:00.000Z
779,Netherlands,36-45,2025-04-12T00:00:00.000Z
780,Portugal,16-25,2025-03-28T00:00:00.000Z
781,Netherlands,56-65,2024-05-19T00:00:00.000Z
782,Italy,56-65,2025-03-28T00:00:00.000Z
783,Italy,36-45,2025-03-03T00:00:00.000Z
784,Netherlands,56-65,2024-02-06T00:00:00.000Z
785,France,56-65,2025-03-18T00:00:00.000Z
786,Spain,56-65,2024-06-08T00:00:00.000Z
787,Italy,46-55,2025-02-19T00:00:00.000Z
788,Germany,16-25,2024-01-09T00:00:00.000Z
789,Portugal,16-25,2024-08-20T00:00:00.000Z
790,France,16-25,2025-04-26T00:00:00.000Z
791,Portugal,16-25,2025-04-05T00:00:00.000Z
792,Italy,16-25,2025-03-06T00:00:00.000Z
793,Italy,36-45,2025-05-10T00:00:00.000Z
794,Italy,56-65,2024-04-08T00:00:00.000Z
795,Germany,36-45,2025-05-13T00:00:00.000Z
796,Netherlands,16-25,2025-03-03T00:00:00.000Z
797,Netherlands,46-55,2024-05-26T00:00:00.000Z
798,Portugal,46-55,2025-03-14T00:00:00.000Z
799,France,36-45,2024-10-30T00:00:00.000Z
800,Netherlands,36-45,2025-05-02T00:00:00.000Z
801,Netherlands,46-55,2025-01-27T00:00:00.000Z
802,Spain,36-45,2025-03-03T00:00:00.000Z
803,Italy,36-45,2024-07-26T00:00:00.000Z
804,Italy,26-35,2025-05-05T00:00:00.000Z
805,Germany,26-35,2025-02-21T00:00:00.000Z
806,Italy,26-35,2025-05-02T00:00:00.000Z
807,Germany,16-25,2025-04-14T00:00:00.000Z
808,Netherlands,26-35,2024-05-10T00:00:00.000Z
809,France,36-45,2025-02-07T00:00:00.000Z
810,Netherlands,26-35,2024-05-31T00:00:00.000Z
811,France,26-35,2025-01-22T00:00:00.000Z
812,Spain,56-65,2024-02-23T00:00:00.000Z
813,Germany,26-35,2025-02-23T00:00:00.000Z
814,Italy,46-55,2024-04-29T00:00:00.000Z
815,Spain,26-35,2024-06-09T00:00:00.000Z
816,Netherlands,16-25,2025-02-04T00:00:00.000Z
817,Netherlands,56-65,2025-02-11T00:00:00.000Z
818,France,46-55,2025-03-05T00:00:00.000Z
819,Italy,46-55,2025-03-06T00:00:00.000Z
820,Spain,56-65,2025-01-29T00:00:00.000Z
821,Italy,46-55,2024-04-25T00:00:00.000Z
822,Germany,56-65,2025-04-30T00:00:00.000Z
823,Germany,46-55,2025-05-10T00:00:00.000Z
824,Italy,46-55,2024-03-15T00:00:00.000Z
825,Netherlands,26-35,2025-02-09T00:00:00.000Z
826,Portugal,26-35,2025-05-07T00:00:00.000Z
827,France,46-55,2025-04-21T00:00:00.000Z
828,France,16-25,2025-03-08T00:00:00.000Z
829,Portugal,26-35,2025-04-15T00:00:00.000Z
830,Italy,56-65,2025-02-26T00:00:00.000Z
831,Germany,36-45,2025-04-21T00:00:00.000Z
832,Italy,16-25,2025-03-04T00:00:00.000Z
833,Portugal,56-65,2025-03-07T00:00:00.000Z
834,Netherlands,26-35,2025-04-19T00:00:00.000Z
835,Portugal,46-55,2025-04-26T00:00:00.000Z
836,Germany,56-65,2025-05-20T00:00:00.000Z
837,Germany,46-55,2025-03-02T00:00:00.000Z
838,Spain,46-55,2025-03-27T00:00:00.000Z
839,Germany,36-45,2025-01-29T00:00:00.000Z
840,Germany,36-45,2025-04-18T00:00:00.000Z
841,Spain,56-65,2025-03-03T00:00:00.000Z
842,Italy,46-55,2025-02-17T00:00:00.000Z
843,France,16-25,2025-03-24T00:00:00.000Z
844,Netherlands,16-25,2024-04-22T00:00:00.000Z
845,Germany,26-35,2025-02-23T00:00:00.000Z
846,Portugal,46-55,2025-02-25T00:00:00.000Z
847,Spain,56-65,2024-04-13T00:00:00.000Z
848,Netherlands,36-45,2024-12-05T00:00:00.000Z
849,Italy,56-65,2025-05-25T00:00:00.000Z
850,Netherlands,16-25,2024-09-10T00:00:00.000Z
851,France,46-55,2025-03-21T00:00:00.000Z
852,Portugal,46-55,2025-03-24T00:00:00.000Z
853,Germany,26-35,2024-08-14T00:00:00.000Z
854,Portugal,36-45,2025-02-24T00:00:00.000Z
855,Spain,16-25,2025-03-12T00:00:00.000Z
856,France,46-55,2024-04-21T00:00:00.000Z
857,Germany,36-45,2025-04-21T00:00:00.000Z
858,Germany,16-25,2025-04-10T00:00:00.000Z
859,France,56-65,2024-04-08T00:00:00.000Z
860,Germany,26-35,2024-06-01T00:00:00.000Z
861,Portugal,26-35,2025-02-19T00:00:00.000Z
862,France,36-45,2024-12-14T00:00:00.000Z
863,Germany,16-25,2025-03-07T00:00:00.000Z
864,Netherlands,36-45,2025-03-27T00:00:00.000Z
865,Netherlands,16-25,2025-02-05T00:00:00.000Z
866,Spain,36-45,2025-01-18T00:00:00.000Z
867,France,46-55,2025-03-27T00:00:00.000Z
868,Portugal,16-25,2024-12-31T00:00:00.000Z
869,Netherlands,56-65,2025-03-09T00:00:00.000Z
870,Italy,36-45,2024-12-03T00:00:00.000Z
871,Netherlands,26-35,2025-04-08T00:00:00.000Z
872,Netherlands,26-35,2025-02-07T00:00:00.000Z
873,France,16-25,2025-04-01T00:00:00.000Z
874,Spain,16-25,2024-07-12T00:00:00.000Z
875,Italy,36-45,2024-11-05T00:00:00.000Z
876,Italy,46-55,2025-03-10T00:00:00.000Z
877,France,26-35,2025-05-13T00:00:00.000Z
878,Germany,26-35,2025-03-29T00:00:00.000Z
879,Netherlands,46-55,2025-05-21T00:00:00.000Z
880,Portugal,16-25,2025-01-07T00:00:00.000Z
881,Portugal,36-45,2025-03-03T00:00:00.000Z
882,Spain,56-65,2024-06-11T00:00:00.000Z
883,Italy,56-65,2025-03-29T00:00:00.000Z
884,Spain,26-35,2025-04-13T00:00:00.000Z
885,Spain,56-65,2025-04-10T00:00:00.000Z
886,Italy,36-45,2024-07-26T00:00:00.000Z
887,Italy,16-25,2025-03-20T00:00:00.000Z
888,Spain,16-25,2024-06-17T00:00:00.000Z
889,Germany,26-35,2024-06-09T00:00:00.000Z
890,Italy,16-25,2024-03-08T00:00:00.000Z
891,Portugal,46-55,2025-03-28T00:00:00.000Z
892,Germany,46-55,2025-03-16T00:00:00.000Z
893,Netherlands,46-55,2024-10-15T00:00:00.000Z
894,Netherlands,36-45,2025-02-01T00:00:00.000Z
895,France,26-35,2025-04-28T00:00:00.000Z
896,Portugal,46-55,2025-04-10T00:00:00.000Z
897,France,56-65,2025-03-18T00:00:00.000Z
898,Italy,36-45,2025-02-28T00:00:00.000Z
899,Germany,26-35,2024-10-03T00:00:00.000Z
900,Germany,36-45,2025-03-04T00:00:00.000Z
901,Spain,26-35,2024-10-30T00:00:00.000Z
902,Italy,16-25,2025-02-07T00:00:00.000Z
903,Spain,16-25,2025-04-04T00:00:00.000Z
904,Germany,26-35,2025-01-18T00:00:00.000Z
905,Spain,36-45,2025-01-26T00:00:00.000Z
906,Netherlands,46-55,2025-05-03T00:00:00.000Z
907,Spain,46-55,2025-03-11T00:00:00.000Z
908,Germany,16-25,2025-02-13T00:00:00.000Z
909,France,16-25,2024-05-14T00:00:00.000Z
910,Portugal,46-55,2024-07-13T00:00:00.000Z
911,Spain,36-45,2025-02-04T00:00:00.000Z
912,Germany,56-65,2025-02-24T00:00:00.000Z
913,Portugal,26-35,2025-01-27T00:00:00.000Z
914,Spain,26-35,2025-03-29T00:00:00.000Z
915,Spain,56-65,2025-03-18T00:00:00.000Z
916,Spain,36-45,2025-04-25T00:00:00.000Z
917,Germany,26-35,2024-05-07T00:00:00.000Z
918,France,16-25,2024-02-02T00:00:00.000Z
919,Spain,36-45,2024-06-24T00:00:00.000Z
920,Spain,16-25,2025-02-22T00:00:00.000Z
921,Italy,46-55,2025-05-03T00:00:00.000Z
922,Spain,16-25,2025-04-25T00:00:00.000Z
923,Italy,46-55,2025-03-18T00:00:00.000Z
924,France,56-65,2025-01-05T00:00:00.000Z
925,France,16-25,2025-01-09T00:00:00.000Z
926,France,56-65,2024-01-22T00:00:00.000Z
927,Portugal,56-65,2024-08-25T00:00:00.000Z
928,Netherlands,36-45,2025-03-24T00:00:00.000Z
929,Netherlands,26-35,2025-01-11T00:00:00.000Z
930,Netherlands,46-55,2025-02-15T00:00:00.000Z
931,France,46-55,2024-06-06T00:00:00.000Z
932,France,26-35,2025-03-12T00:00:00.000Z
933,Italy,36-45,2024-02-07T00:00:00.000Z
934,Portugal,26-35,2024-08-17T00:00:00.000Z
935,Italy,46-55,2025-01-14T00:00:00.000Z
936,Netherlands,26-35,2025-02-12T00:00:00.000Z
937,France,46-55,2024-12-30T00:00:00.000Z
938,France,26-35,2024-02-20T00:00:00.000Z
939,Netherlands,56-65,2025-03-13T00:00:00.000Z
940,Italy,46-55,2024-09-20T00:00:00.000Z
941,Italy,56-65,2024-10-09T00:00:00.000Z
942,Italy,36-45,2024-01-27T00:00:00.000Z
943,Italy,56-65,2025-03-02T00:00:00.000Z
944,Spain,16-25,2024-08-13T00:00:00.000Z
945,Germany,16-25,2024-10-03T00:00:00.000Z
946,France,16-25,2025-04-03T00:00:00.000Z
947,Netherlands,16-25,2024-10-12T00:00:00.000Z
948,Spain,26-35,2025-01-25T00:00:00.000Z
949,Spain,56-65,2024-04-06T00:00:00.000Z
950,Italy,26-35,2024-10-10T00:00:00.000Z
951,Portugal,26-35,2025-02-19T00:00:00.000Z
952,Italy,16-25,2025-03-14T00:00:00.000Z
953,France,16-25,2025-03-02T00:00:00.000Z
954,Portugal,26-35,2025-02-19T00:00:00.000Z
955,Portugal,26-35,2025-04-14T00:00:00.000Z
956,Portugal,46-55,2025-04-02T00:00:00.000Z
957,France,16-25,2025-01-18T00:00:00.000Z
958,Germany,56-65,2025-02-23T00:00:00.000Z
959,Spain,26-35,2025-04-02T00:00:00.000Z
960,Germany,56-65,2025-01-13T00:00:00.000Z
961,Germany,56-65,2025-03-24T00:00:00.000Z
962,Portugal,56-65,2025-04-04T00:00:00.000Z
963,Germany,46-55,2025-03-25T00:00:00.000Z
964,Spain,26-35,2025-01-01T00:00:00.000Z
965,Italy,46-55,2025-03-23T00:00:00.000Z
966,France,46-55,2025-03-28T00:00:00.000Z
967,Italy,26-35,2024-11-12T00:00:00.000Z
968,Italy,16-25,2025-04-16T00:00:00.000Z
969,Portugal,16-25,2024-10-30T00:00:00.000Z
970,Germany,56-65,2025-04-18T00:00:00.000Z
971,France,16-25,2024-05-26T00:00:00.000Z
972,France,26-35,2025-03-11T00:00:00.000Z
973,Italy,56-65,2025-03-22T00:00:00.000Z
974,Italy,26-35,2025-06-02T00:00:00.000Z
975,Netherlands,46-55,2025-04-19T00:00:00.000Z
976,Italy,26-35,2025-04-30T00:00:00.000Z
977,Italy,56-65,2024-01-04T00:00:00.000Z
978,France,36-45,2025-04-10T00:00:00.000Z
979,Spain,16-25,2024-02-04T00:00:00.000Z
980,Italy,26-35,2024-07-10T00:00:00.000Z
981,Spain,26-35,2025-04-29T00:00:00.000Z
982,Italy,56-65,2025-01-27T00:00:00.000Z
983,Germany,36-45,2025-04-21T00:00:00.000Z
984,Netherlands,16-25,2024-02-18T00:00:00.000Z
985,Germany,46-55,2024-01-17T00:00:00.000Z
986,Netherlands,16-25,2025-03-24T00:00:00.000Z
987,Portugal,46-55,2025-04-24T00:00:00.000Z
988,Portugal,16-25,2025-02-23T00:00:00.000Z
989,Spain,46-55,2024-06-20T00:00:00.000Z
990,Spain,46-55,2025-02-27T00:00:00.000Z
991,Netherlands,46-55,2024-08-07T00:00:00.000Z
992,Italy,36-45,2025-05-14T00:00:00.000Z
993,Germany,16-25,2025-04-17T00:00:00.000Z
994,Spain,26-35,2024-06-06T00:00:00.000Z
995,Germany,56-65,2024-02-15T00:00:00.000Z
996,Germany,16-25,2025-05-08T00:00:00.000Z
997,Italy,56-65,2025-03-29T00:00:00.000Z
998,France,36-45,2025-01-07T00:00:00.000Z
999,Germany,56-65,2025-02-21T00:00:00.000Z
1000,Spain,56-65,2024-01-06T00:00:00.000Z
